Aabishkar
Aadarsh
Aadarsh/Aaadarsh
Aadesh
Aadhin
Aadi
Aadinath
Aadishankar
Aaditey/Aaditya
Aahlaad
Aahrav
Aajad
Aakaash/Akash
Aakanksha
Aakar
Aakarshan
Aalok/Alok
Aamod/Amod
Aarav
Aaron
Aashish/Ashish/Ashis
Aasish
Aastik
Aatish
Aatiz
Aayam
Aayan
Aayush
Abhay/Abhaya
Abhayananda
Abheek/Abhik
Abhichandra
Abhidi
Abhijat
Abhijaya/Abhijay
Abhijit/Abhijeet
Abhik
Abhilash/Abilash/Avilash
Abhimand
Abhimani
Abhimanyu
Abhimoda
Abhinabhas
Abhinanda
Abhinandana
Abhinatha
Abhinav/Abhinava
Abhiraj
Abhirath
Abhirup
Abhishek
Abhisoka
Abhisumat
Abhisyanta
Abhivira
Abhyagni
Abhyudaya
Abhyudita/Abhyudit
Abi
Abinash
Abinash/Avinash
Abinaya Karki
Abinesh
Abiral
Abisesh
Abishek
Achalendra
Achanda
Acharya/Aacharya
Achindra
Achintya
Achyut/Achyuta
Adeeb
Adesh
Adhik
Adhikara
Adhipa
Adhiraj
Adhita/Adhit
Adikavi
Adil
Adinath
Adit
Aditya
Adityanandana
Adripathi
Advay
Adwaita
Agastya
Agharna
Aghat
Agneya
Agni
Agni/Aagney
Agrim
Agriya
Ainesh
Ajamil
Ajatashatru
Ajay
Ajay/Ajaya
Ajendra
Ajit
Ajit/Ajeet
Ajitabh
Ajitesh
Ajmaal
Ajmal
Akash,Akaash,Aakaash
Akhil
Akhilesh
Akshan
Akshar
Akshay/Akshaya
Akshit
Akshyat/Akshat
Akul
Alaap
Alex
Alhad
Alish
Alok
Alone
Amaanat
Amal
Amalendu
Amalesh
Aman
Amar
Amartya
Ambar/Amber
Ambarish/Amrish
Ambuj
Amesh
Ameya
Amil
Amir
Amiri
Amish
Amit
Amitabh
Amitesh
Amitiyoti
Amiya
Amlesh
Amod
Amogh
Amoha
Amol/Amul
Amrish
Amrit
Amrita mankala laxmi
Amshu
Anadi
Anagh
Anand/Aanand
Ananga/Anang
Ananta/Anant
Anek
Angad/Angada
Anil
Animesh
Anirudh
Anirudh/Anirudra
Anirvan
Anish
Aniteja
Anjan
Ankit
Ankur
Ankush
Anmol
Anniruddha
Anshul/Anshuk
Anshuman
Anshumat
Anubhav
Anugya
Anuj/Anoj
Anup
Anupam
Anurag
Anurag / Anuraag
Anuraj
Anuttam
Aragon
Aranab
Arbindra
Archan
Archit
Ardhendu
Arghya
Arhant,Arihant
Arijit
Arindam
Arit
Arjit
Arjun
Arnav
Arnesh
Arokya
Arpan
Arul
Arun
Arun Dong
Arun Lama
Arun Lama Dong
Arvind/Arbind/Aravinda
Arya
Aryaman
Aryan
Asav
Ashank
Ashesh
Ashis,Ashish
Ashok
Ashok/Ashoka
Ashu
Ashutosh
Ashwin
Asim/Aseem/Asheem
Aslesh
Atal
Atanu
Athiya,Atiya
Atma/Aatma
Atmajyoti
Atman
Atmanand
Atreya/Atre
Atul,Atulya
Avadhesh
Avaneesh/Avanish
Avanindra
Avanish
Avatar
Avikshit
Avinash
Aviyan
Ayush
Babu
Badal
Badri
Badrinath
Baikuntha
Bajra/Vajra
Bal/Bala
Baladitya
Balaji
Balaraj
Balaram
Balbir
Balchandra
Baldev/Balraj/Balwant
Balgopal
Balgovind
Balkrishan
Balmani
Balmohan
Balram
Balwant
Bandhu
Bandhul
Bankim
Bankimchandra
Bansi
Bansilal
Bappa
Barindra
Barun/Varun
Basant/Vasant
Basanta/Basant
Basistha,Vasishtha
Basu/Vasu
Basudev/Vasudev
Batshal regmi
Bebek
Bedansh
Benju
Bhadrak
Bhagat
Bhagirath
Bhagwan
Bhairab/Bhairav
Bhajan
Bharadwaj
Bharat
Bhargava/Bhargabh
Bhaskar
Bhaswar
Bhaumik
Bhavesh
Bhavya
Bhim
Bhishma
Bhojraj
Bhooshit
Bhrigu
Bhudev
Bhupal
Bhupat/Bhupad
Bhupen
Bhupendra
Bhushan
Bhuvan/Bhuwan
Bhuwan
Bhuwanesh/Bhuvanesh
Bhuwaneshwar
Bibas
Bibek
Bibek/Vivek
Bibesh
Bibhaakar
Bibhas
Bibhu
Bibhu/Vibhu
Bibidh
Bibush
Bidhan rumba
Bidur
BidurRaja
Bidwan
Bidyut
Bihaan/Bihan
Bijay
Bijay/Vijaya
Bijaya/Vijaya/Vijay
Bijendra,Bijanyendra
Bikal
Bikalpa
Bikas/Bikash
Bikesh/Vikesh
Bikram
Bikram/Vikram
Bilas
Bimal
Bimal/Vimal
Binam
Binaya / Binay / Vinay
Binayak
Bindash
Bindusar
Binesh
Binisha
Binit/Vineet
Binod
Binod/Vinod
Bipesh
Bipin/Vipin
Biplav
Bipra/Vipra
Bipson
Bipul/Vipul
Bir
Biraj
Biraj/Viraj
Biral/Viral
Birat
Birbal
Birendra
Biresh
Bisaj
Bishal
Bishnu
Bishow
Bishrut
Bishwa/Bishwo
Bishwambhar
Bishwas
Bishweshwar
Biswa/Bishwa
Biswajit
Biswas
Bodhan
Boy
Brajesh
Bramha
Bratindra
Brihav
Brijesh
Brijmohan
Briyan
Buddha
Buddhi
Byas/Vyas
Chaitanya
Chaitya
Chakor
Chakra
Chakrapani
Chakshu
Chaman
Champak
Chanakya
Chanchal
Chandan
Chandra
Chandrachur
Chandrahas
Chandrak
Chandrashekhar
Chandresh
Chapal
Charan
Charanjit/Charanjeet
Chatura
CHAWO
Chetan
Chhandak
Chhatra magar
Chidambar
Chidananda
Chinmaya
Chintak
Chintamani
Chintan
Chirag
Chiranjeev/Chiranjibi
Chirantan
Chirayu
Chitta
Chittaprasad
Chittaranjan
Chittesh
Chudamani
Dakshesh
Dakshi
Daman
Damodar
Danbir/Danvir
Darma
Darpak
Darpan
Darsang
Darsh
Darshan
Dasharath
Dattatreya
Dayanand
Debashis/Devashish
Debjit/Devjit
Deenabandhu
Deep
Deepak
Deepak/Dipak
Deepan
Deepankar
Deependra/Dipendra
Deependu
Deepesh/Dipesh
Deepit
Deeptanshu
DELHI
Dev/Deb
Devabrata
Devaj
Devajyoti
Devak
Devanand
Devang
Devarsi
Devdarsh
Devdas
Devendra/Debendra
Devesh
Devesh/Debesh
Deveshwar
Devrat
Dhairya
Dhan
Dhana lama
Dhana/Dhan
Dhananjay
Dhandhoj
Dhanesh
Dhangadhi
Dhangadhi nepal
Dhanlal lama
Dharanidhar
Dharma
Dharmapal
Dharmaraj
Dharmendra
Dharmendu
Dharmesh
Dharuna
Dhatri
Dhawal
Dheeman
Dheemant
Dheerendra/Dhirendra
Dhimant
Dhir/Dheer
Dhiraj
Dhiren
Dhrishya
Dhritiman
Dhruba
Dhurba
Dhyan
Dhyanesh
Dhyaneshwar
Dibya/Divya
Digambar
Dilawar
Dilip kunwat
Dilip/Dileep
Dilli
Dinakar
Dinendra
Dinesh
Dinkar
Dipendra
Dipendu
Dipersan
Dipesh
Dipesh / Deepesh
Dipson
Diptanshu
Divendu/Divyendu/Dibyendu
Divyesh
Diwakar/Divakar
Diwash
Do you have any suggestion?
Dorji
DOTI DIPAYEL
Durgesh
Durjaya
Dushyanta
Dwaipayan
Dwarika
Dwijendra/Dwijaraj
Dwijesh
Ekachakra
Ekagrah
Ekalavya
Ekambar
Ekanath
Ekansh
Ekaraj
Ekavir
Eknath
Ekraj
Ekson
Facebook
Fanindra/Phanindra
Fanish/Phanish
Fanishwar/Phanishwar
Fateh/Fatte
Firoj
Gagan
Gajanand
Gajendra
Gambhir
Ganapati
Ganaraj
Gandharva
Gandhi
Gandhik
Ganesh
Gangadhar
Gangadutt
Gangesh
Garud
Gaurang
Gaurav
Gautam
Geet
Ghanashyam
Gharchung
Giri
Giridhar
Girija
Girindra
Giriraj
Girish
God of death
Gokul
Goma
Gopal
Gopan
Gopesh
Gopi
Gorakh
Goral
Gourishankar
Govinda
Grishma
Guddu
Gulzarilal
Guna
Gunaratna
Guru
Gurudas
Gurudutt
Gyan
Gyaneshwar
Gyani
Gyanu/Gyani
Hakku
Hans
Hanuman
Hardik
Harendra
Haresh
Hari
Harigopal
Harihar
Harinarayan
Harindra
Harischandra
Harish
Harishankar
Harishchandra
Harka
Harmendra
Harmesh
Harsha
Harshad
Harshil
Harshit
Hasan
Hasit
Hem subedi
Hemachandra
Hemanga
Hemant
Hemendra
Hemendu
Hemish
Heramba
Hghgh
Himachal
Himadri
Himaghna
Himal
Himanshu
Himmat
Hira
Hira/Heera
Hiranmay
Hiranya
Hirendra
Hiresh
Hiten
Hitendra
Hitesh
Hridaya
Hridayesh
Hrishikesh/Rishikesh
Ilesh
Iman
Indivar
Indra
Indra Jit
Indrajeet/Indrajit
Indraneel
Indubhushan
Indushekhar
Iric
Ishan
Ishat
Ishayu
Ishorya
Ishwar
Ismriti
Jag
Jagadeep
Jagadish/Jagdish
Jagajeet
Jagan
Jagannath
Jagat
Jalendu
Janak
Janardan
Janu
Japa
Japendra
Jas
Jaswant
Jatan
Jatin
Jawahar
Jayadev
Jayaman
Jayant/Jayanta
Jayesh
Jeet bahadur taramu magar
Jeevan
Jewish
Jibika
Jishnu
Jitendra/Jiten
Jiwan/Jivan
Jiyash
Joyson
Juanitar
Jyotindra
Kabir
Kailash
Kalash
Kalidas
Kalu
Kalyan
Kamadev
Kamalesh
Kamlesh
Kanak
Kanan
Kanhaiya
Kapil
Karna
Kartik
Kartikeya
Karunakar
Kashi
Kashyap
Kathmandu
Kaushal
Kaushik
Kavi/Kabi
Kavin
Kedar
Kesar
Keshab/Keshav
Ketak
Ketan
Kevin
Kewal
Khagendra
Kharka
Khem
Kirshal
Kirtan
Kishor/Kishore
Kripal
Krishab
Krishna
Kuber
Kul
Kuldeep
Kumar
Kunal
Kundan
Kush/Kusha
Labh
Lachee
Lagan
Lahar
Lakshman
Lalit
Lav/Lava
Laxman
Layak
Lekh
Lelish
Lightro
Lila
Lila/Leela
Lochan
Loken
Lokendra
Lokesh
Loknath
Madan
Madhav
Madhukar
Madhup
Madhur
Madhuri
Madhusudan
Magan
Mahadev
Mahant
Mahavir
Mahendra
Mahesh
Maheshwar
Mainuddin
Maitreya
Manas
Manav
Manavendra
Mandar
Manendra
Mangal
Mangesh
Mani
Manik
Manil
Manindra
Manish
Manishankar
Manit
Manjeet
Manjul
Manmohan
Manohar
Manohar singh
Manoj
Manoranjan
Manu
Mathura
Matsendra
Maulik
Mavyn
Mayur
Meen
Meet
Megh
Messi
Mihir
Milan
Milap
Milind
Millon gurung
Mimanshu
Miren
Mitesh
Mithila
Mithilesh
Mithun
Mitra
Mitul
Mohak
Mohan
Mohit
Mohnish
Moni
Moon
Mountain
Mountain lake
Mridul
Mrigendra
Mrigesh
Mrityunjay
Mukesh
Mukti/Mukta
Mukul
Mukunda
Mukut
Muni
Munindra
Murali
Murari
Murti
My son
Myself
Nabendu
Nabin
Nagendra
Nagesh
Nakshatra
Nakul
Nalin
Naman
Nanak
Nanda lal
Nandakishor
Nandan
Nandin
Nandu
Narahari
Narasimha
Narayan
Narbu
Narendra
Naresh
Naresh m kumar
Narottam
Natesh
Natraj
Natwar
Navanit/Navaneet
Naveen/Navin
Navnit
Navrang
Nawal
Nayan
Neel
Neelambar
Neelesh
Neeraj/Niraj
Netra
New user
Ngodup Magar
Nibodh
Nidhish
Nigam
Nihal
Nihar
Nikash
Nikesh
Nikesh Chhetri
Niket
Niketan
Nikeyparee
Nikhil
Nikhilesh
Niklesh
Nikunja
Nilesh
Nim
Nimesh
Nimesh/Nimish
Nipun
Nirad/Neerad
Nirajan
Nirajit
Niranjan
Nirav/Neerav
Nirbhaya
Nirdesh
Nirjhar
Nirmal
Nirmay
Nirupam
Nirvan
Nirvik
Nischal
Nischit
Nishad
Nishan
Nishant/Nishanta
Nishesh
Nishit
Nishok
Nishosh
Niskarsh
Nitesh/Niteesh
Nivas
NOBAL
Nridev
Nripa
Nripendra
Nripesh
Nujha
Offical work
Oh Sorry! Names Starting with "X" Alphabet IS NOT Available!
Oja
Om
Omkar
Omprakash
Paavan/Paawan
Padam
Padam/Padma
Padmanabha
Palash
Pallav
Pankaj
Pappu
Parag/Paraag
Parakram
Paramananda
Paramesh
Parameshwar
Paramjeet/Paramjit
Paranjay
Paras/Paaras
Parashar
Paresh
Parijat
Parikshit
Parimal
Paritosh
Parjun
Parmesh
Partha
Parul
Parvat/Parbat
Parvesh
Parvesh/Parwesh
Paryas
Pasang
Pathik
Pavan/Pawan
Pavitra/Pabitra
Pawan
Peshal
Phalgun
Phanindra
Pitambar
Piyush
Poojan
Poojit
Poorna/Purna
Prabal
Prabhakar
Prabhas
Prabhat
Prabhav
Prabhu
Prabin
Prabir
Prabodh
Prabuddha
Prachanda
Pradeep
Pradeep/Pradip
Pradhumna
Pradyot
Pradyumna
Prafulla
Pragun
Prahalad
Prajeet/Prajit
Prajesh
Prajit
Prakash
Prakat
Prakhyat
Prakrit
Prakshin
Prakul
Pramesh
Pramit
Pramod
Pran/Praan
Pranav
Pranay
Pranish
Pranit
Pranjol
Prankit
Prasad
Prasanna
Prasata
Prashant
Prashant/Prashanta
Prasid
Prasiddha
Prasoon/Prasun
Prasun
Pratap
Pratik
Pratiman
Pratit/Prateet
Pratosh
Prattyush
Praval/Prawal/Prabal
Praveen
Praveen/Pravin/Prabin
Pravir
Prayag
Prayan
Prayankar
Prayash
Prayasi
Prem
Premal
Prijan
Prince vivekananda itani
Pritam
Prithak
Prithu
Prithvi/Prithivi
Pritish
Priya tamang
Priyam
Prusutam
Pujit
Punit/Puneet
Purna/Poorna
Purnendu
Puru
Purushottam
Pushkar
Pushpraj
Raaz
Rabin
Rabin khadaka
Rabina
Raghav/Raghab
Raghu
Rahul
Raj
Raja
Rajan
Rajarshi
Rajeev/Rajiv
Rajendra
Rajesh
Rajit
Rajiv
Rajiv/Rajeev
Rajkumar
Rajul
Rajyeshwar
Rakesh
Rakin
Raksha
Ram
Raman
Ramchandra
Ramesh
Ramesh muna
Ramesh Pandey
Rameshwar
Ramish
Ramit
Ramkrishna
Ranajit
Randhir
Ranjan
Ranjit/Ranjeet
Ranjiv
Rasik
Ratish
Ratna/Ratan
Ratnakar
Ratri
Ratul
Raunak
Ravi/Rabi
Ravikiran
Ravindra
Ravindra/Rabindra
Rayam
Rayan
Rehant
Remash
Resham
Reyan
Ridam Nyoupane
Riddhiman
Rijul
Rimas
Rishab
Rishabh/rishab
Rishav
Rishi
Rishikesh
Riwaj
Rizel
Rochan
Rohan
Rohit
Rojila
Roman
Ronak
Roop
Roopak
Roshan
Roshil
Rubel
Ruben
Ruchir
Rudra
Ruhan
Rujul
Rupak
Rupal
Rupesh
Rupin
Rushil
Saadya
Saashak
Sabal
Sabin
Sabinaya
Sabung
Sachchit
Sachet
Sachetan
Sachin
Sachin/Sachindra
Sachit
Sadar
Sadhan/Saadhan
Safal
Sagar
Sagendra
Saghun
Sagun
Sahadev
Sahaj
Saharsh
Sahas
Sahdev
Sailesh
Sajal
Sajan
Sajan/Saajan
Sajil
Sajina
Sajiv
Sajjan
Sakchhyat
Saket
Sakshat
Sakshyam
Sakun
Samar
Samarjit
Samartha
Samarthya
Samarthya/Samartha
Samayam
Sambhav
Sambhuter
Sambit
Sambuddha
Sameer
Sameer/Samir
Samiran
Sampad/Sampat
Samrachana
Samraj
Samrat
Samu
Samudra
Samyag
Samyam
Samyog
Samyuk
Sanat
Sanchay
Sanchit
Sandeep
Sandeep/Sundip
Sandesh
Sandesh xetri
Sandip
Sangam
Sanidhya
Sanj
Sanjay
Sanjay Aryan
Sanjeev/Sanjiv
Sanjib
Sanjit
Sanjog
Sankalpa
Sanket
Sanskar
Santosh
Sanyam
Sanyog/Sanjog
Sapan
Saral
Sarang
Saras
Sarasvat
Sarat/Sarad
Sarba
Sarbagya
Sarbajit
Sarik
Sarin
Sarish
Sarmila
Sarthak
Saru
Sarup/Swaroop
Sarvesh/Sarwesh/Sarbesh
Satindra/Satyendra
Satish
Satruijt/Shatrujit
Satyajit
Satyam
Satyanarayan
Satyavan
Satyavrat
Satyavrata
Satyendra
Saubhagya
Saugat
Saumya
Saunak
Saurav/Saurabh
Savir
Savit
Sawa
Searash
Send Us Email At: nepal-name@easynepalityping.com
Seung kung
Sevak/Sewak
Seven flever
Shaan
Shahid
Shailendra
Shailendra/Shailen
Shailesh
Shaisab
Shajan
Shalikram sapkota
Shambhu
Shamindra
Shamish
Shamit
Shankar
Shanta
Shantanu
Sharad
Sharad/Sarat
Sharadchandra
Sharan
Shardul
Shashank
Shashwat
Shaswat
Shatrughna/Shatrughan
Shatrujit
Shayal
Shekhar
Shesh
Shibu
Shijan
Shikhar
Shirish/Sirish
Shishir
Shital kumar
Shiva
Shiva/Shiv
Shivesh
Shobhan
Shrajib
Shrajit
Shravan
Shrees
Shreesh/Shrish
Shreshta
Shreyas
Shridhar
Shrigopal
Shrihari
Shrikanta
Shrikrishna
Shripad
Shrish
Shubham
Shulabh
Shyam
Shyamsundar
Siddhanta
Siddhartha
Siddhi/Siddha
Slekha
Smaran
Sohan
Sohil
Som
Somyum
Son
Sonam
Sonit Awal
Soren
Sourabh
Sovit pande
Sridhar
Srijal
Srijan
Srijana
Suarez
Subal
Subam
Subarna
Subas
Subham
Subhan
Subhas/Subhash
Subhav
Subigya
Subit
Subodh
Subrat
Sudarshan
Sudarshan/Sudarsan
Sudeep/Sudip
Sudesh
Sudeva
Sudhakar
SUDHAN
SUDHAN PAUDEL
Sudhanshu
Sudhindra
Sudhir/Sudheer
Sudip
Sugandha
Sughan
Suhail
Suhas/Suhaas
Sujan
Sujash
Sujatamohan
Sujay
Sujeen
Sujen
Sujit
Sukanta
Sukesh
Sukrit
Sukumar
Sulabh
Sulav
Sulekh
Sulochan
Suman
Sumangal
Sumant
Sumantu
Sumedh
Sumeet,Sumit
Sumin
Sumit
Sumit rayamajhi
Sunand
Sunash
Sundar
Suneet
Sunil
Sunirmal
Suprakash
Suprich
Suprit
Sur
Suraj
Suranjan
Suras
Surendra
Surendra/Suren
Suresh
Surit
Sursam
Surya
Susan
Sushanta/Sushant
Sushil
Sushobhan
Susma
Sutej
Suvam
Suvan
Suvrat/Suvrata
Suyash
Suyog
Swagat
Swami
Swapan
Swapnil
Swarup/Sarup
Swastima
Swatantra
Swayambhu
Swornim
Taehyung
Tanisha
Tanuj
Tapan
Tapas
Tarak
Taral
Taran
Tarang
Tarini/Tarani
Tarun
Tej
Tej Narayan
Tejas
Teju
Thakur
Tika
Tilak
Tilanjal
Tirtha
Toophan
Toshan
Tribhuvan
Tribikram
Trilochan
Trilok
Trishanku
Tshering
Tufan
Tulasi/Tulsi
Tulsi
Tushar
Tyag
Udar
Udaya/Uday
Uddhav
Udit
Ujesh
Ujjwal
Ujwal
Ujwal,Ujjala
Ulban
Ullas
Ullash
Umanga
Umesh
Unnabh
Unnat
Upendra
Utkarsh
Utkrishta
Utpal
Utsang
Utsarg
Utsav
Uttam
Uttar
Vaibhav
Vallabh/Ballabh/Ballav
Vasava
Vatsa/Batsa
Vatsal/Batsal
Ved
Vikram/Bikram
Wangdi
Yadab/Yadav
Yadunath
Yagya
Yalamber
Yam
Yam kumar batas
Yama
Yamaraj
Yash
Yatindra
Yatish
Yogendra
Yogesh
Yogi
Yogi/Yogita
Yojak
Yougal
Yubin
Yubraj
Yuddha/Juddha
Yuvaraj
Zenith
